{

"images": [
    "Spritesheet.png"
],

"framerate": 20,
"frames": [
    [1, 1, 21, 31, 0, -5, -1],
    [24, 1, 21, 31, 0, -5, -1],
    [47, 1, 17, 31, 0, -6, -1],
    [66, 1, 17, 31, 0, -6, -1]
],

"animations": {
    "tile001": { "frames": [0] },
    "tile003": { "frames": [1] },
    "tile000": { "frames": [2] },
    "tile002": { "frames": [3] }
},

"texturepacker": [
        "SmartUpdateHash: $TexturePacker:SmartUpdate:13610ec37574d4970c60551edc1eed14:34026a849d4f872cc4eeae5a8ce823d5:375f641a471db0aae0662f7697f3de0e$",
        "Created with TexturePacker (https://www.codeandweb.com/texturepacker) for EaselJS"
]

}
